<?xml version="1.0" encoding="utf-8"?>
<LinearLayout xmlns:android="http://schemas.android.com/apk/res/android"
    xmlns:tools="http://schemas.android.com/tools"
    android:layout_width="match_parent"
    android:layout_height="match_parent"
    xmlns:app="http://schemas.android.com/apk/res-auto"
    tools:context=".DashBoardFragment"
    android:orientation="vertical"
    android:background="#FAF3E0">

    <androidx.cardview.widget.CardView
        android:layout_width="match_parent"
        android:layout_height="wrap_content"
        app:cardElevation="5dp"
        android:elevation="10dp">

        <LinearLayout
            android:layout_width="match_parent"
            android:layout_height="wrap_content"
            android:orientation="vertical">

            <LinearLayout
                android:layout_width="match_parent"
                android:layout_height="wrap_content"
                android:orientation="horizontal">

                <RelativeLayout
                    android:layout_width="0dp"
                    android:layout_height="wrap_content"
                    android:layout_weight="1"
                    android:gravity="center">

                    <TextView
                        android:layout_width="wrap_content"
                        android:layout_height="wrap_content"
                        android:textAppearance="?android:textAppearanceLarge"
                        android:textColor="@color/black"
                        android:text="Income"/>
                </RelativeLayout>

                <RelativeLayout
                    android:layout_width="0dp"
                    android:layout_height="wrap_content"
                    android:layout_weight="1"
                    android:gravity="center">

                    <TextView
                        android:layout_width="wrap_content"
                        android:layout_height="wrap_content"
                        android:textAppearance="?android:textAppearanceLarge"
                        android:textColor="@color/holo_dark_red"
                        android:text="Expense"/>
                </RelativeLayout>
            </LinearLayout>

            <LinearLayout
                android:layout_width="match_parent"
                android:layout_height="wrap_content"
                android:layout_marginTop="7dp"
                android:orientation="horizontal">

                <RelativeLayout
                    android:layout_width="0dp"
                    android:layout_height="wrap_content"
                    android:layout_weight="1"
                    android:gravity="center">

                    <TextView
                        android:layout_width="wrap_content"
                        android:layout_height="wrap_content"
                        android:textAppearance="?android:textAppearanceLarge"
                        android:textColor="@color/black"
                        android:id="@+id/income_set_result"
                        android:text="000.00"/>
                </RelativeLayout>

                <RelativeLayout
                    android:layout_width="0dp"
                    android:layout_height="wrap_content"
                    android:layout_weight="1"
                    android:gravity="center">

                    <TextView
                        android:layout_width="wrap_content"
                        android:layout_height="wrap_content"
                        android:id="@+id/expense_set_result"
                        android:textAppearance="?android:textAppearanceLarge"
                        android:textColor="@color/holo_dark_red"
                        android:text="000.00"/>
                </RelativeLayout>
            </LinearLayout>
        </LinearLayout>
    </androidx.cardview.widget.CardView>

    <androidx.coordinatorlayout.widget.CoordinatorLayout
        android:layout_width="match_parent"
        android:layout_height="match_parent">

        <ScrollView
            android:layout_width="match_parent"
            android:layout_height="wrap_content">

            <LinearLayout
                android:layout_width="match_parent"
                android:layout_height="wrap_content"
                android:orientation="vertical"
                android:layout_marginTop="10dp">

                <TextView
                    android:layout_width="match_parent"
                    android:layout_height="wrap_content"
                    android:text="Income: "
                    android:textAppearance="?android:textAppearanceLarge"
                    android:padding="10dp"/>

                <androidx.recyclerview.widget.RecyclerView
                    android:layout_width="match_parent"
                    android:id="@+id/recycler_income"
                    android:layout_height="155dp"
                    tools:listitem="@layout/dashboard_income">
                </androidx.recyclerview.widget.RecyclerView>

                <TextView
                    android:layout_width="match_parent"
                    android:layout_height="wrap_content"
                    android:text="Expense: "
                    android:textAppearance="?android:textAppearanceLarge"
                    android:padding="10dp"/>

                <androidx.recyclerview.widget.RecyclerView
                    android:layout_width="match_parent"
                    android:layout_height="155dp"
                    android:id="@+id/recycler_expense"
                    tools:listitem="@layout/dashboard_expense">
                </androidx.recyclerview.widget.RecyclerView>


                <!-- Budget Goal Section -->
                <androidx.cardview.widget.CardView
                    android:layout_width="wrap_content"
                    android:layout_height="wrap_content"
                    android:layout_marginTop="20dp"
                    android:layout_marginHorizontal="10dp"
                    app:cardElevation="10dp"
                    app:cardCornerRadius="8dp"
                    android:padding="16dp"
                    android:layout_margin="10dp"
                    android:elevation="5dp"
                    android:backgroundTint="#FFFFFF">

                    <LinearLayout
                        android:layout_width="236dp"
                        android:layout_height="match_parent"
                        android:gravity="center_horizontal"
                        android:orientation="vertical">

                        <TextView
                            android:layout_width="wrap_content"
                            android:layout_height="wrap_content"
                            android:layout_gravity="center_horizontal"
                            android:layout_marginBottom="12dp"
                            android:fontFamily="sans-serif-medium"
                            android:text="Set Your Budget Goal"
                            android:textAppearance="?android:textAppearanceMedium"
                            android:textColor="@color/black" />

                        <TextView
                            android:layout_width="wrap_content"
                            android:layout_height="wrap_content"
                            android:layout_marginBottom="8dp"
                            android:text="Enter Budget Amount:"
                            android:textAppearance="?android:textAppearanceSmall"
                            android:textColor="@android:color/darker_gray" />

                        <EditText
                            android:id="@+id/editText_budget_amount"
                            android:layout_width="match_parent"
                            android:layout_height="wrap_content"
                            android:layout_marginBottom="12dp"
                            android:background="@drawable/rounded_edittext"
                            android:hint="Enter amount"
                            android:inputType="numberDecimal"
                            android:padding="10dp"
                            android:textColor="@color/black" />

                        <androidx.appcompat.widget.AppCompatButton
                            android:id="@+id/button_save_goal"
                            android:layout_width="wrap_content"
                            android:layout_height="wrap_content"
                            android:layout_gravity="center_horizontal"
                            android:background="@drawable/edittext_background"
                            android:fontFamily="sans-serif-medium"
                            android:paddingHorizontal="20dp"
                            android:paddingVertical="10dp"
                            android:text="Save Goal"
                            android:textColor="@android:color/white" />
                    </LinearLayout>
                </androidx.cardview.widget.CardView>

            </LinearLayout>
        </ScrollView>


        <LinearLayout
            android:layout_width="wrap_content"
            android:layout_height="wrap_content"
            android:layout_gravity="bottom|end"
            android:layout_marginRight="15dp"
            android:layout_marginBottom="160dp">

            <TextView
                android:layout_width="wrap_content"
                android:layout_height="wrap_content"
                android:text="Expense"
                android:id="@+id/expense_ft_text"
                android:padding="5dp"
                android:textColor="@color/white"
                android:background="@color/nav_header"
                android:layout_gravity="center"
                android:layout_marginRight="5dp"
                android:visibility="invisible"
                android:textAppearance="?android:textAppearanceSmall"/>

            <com.google.android.material.floatingactionbutton.FloatingActionButton
                android:layout_width="wrap_content"
                android:layout_height="wrap_content"
                android:id="@+id/expense_Ft_btn"
                android:layout_gravity="bottom|end"
                android:backgroundTint="#07bca4"
                android:elevation="6dp"
                app:fabSize="mini"
                android:visibility="invisible"
                app:pressedTranslationZ="12dp"
                android:src="@drawable/expense"/>
        </LinearLayout>

        <LinearLayout
            android:layout_width="wrap_content"
            android:layout_height="wrap_content"
            android:layout_gravity="bottom|end"
            android:layout_marginRight="15dp"
            android:layout_marginBottom="90dp">

            <TextView
                android:layout_width="wrap_content"
                android:layout_height="wrap_content"
                android:text="Income"
                android:id="@+id/income_ft_text"
                android:textColor="@color/white"
                android:padding="5dp"
                android:background="@color/nav_header"
                android:layout_gravity="center"
                android:layout_marginRight="5dp"
                android:visibility="invisible"
                android:textAppearance="?android:textAppearanceSmall"/>

            <com.google.android.material.floatingactionbutton.FloatingActionButton
                android:layout_width="wrap_content"
                android:layout_height="wrap_content"
                android:id="@+id/income_Ft_btn"
                android:layout_gravity="bottom|end"
                android:backgroundTint="#1ce10a"
                android:elevation="6dp"
                app:pressedTranslationZ="12dp"
                android:visibility="invisible"
                app:fabSize="mini"
                android:src="@drawable/income"/>
        </LinearLayout>

        <com.google.android.material.floatingactionbutton.FloatingActionButton
            android:layout_width="wrap_content"
            android:layout_height="wrap_content"
            android:id="@+id/fb_main_plus_btn"
            android:layout_gravity="bottom|end"
            android:layout_marginBottom="16dp"
            android:layout_marginRight="20dp"
            android:backgroundTint="#6A1B9A"
            app:fabSize="normal"
            android:src="@drawable/income" />
    </androidx.coordinatorlayout.widget.CoordinatorLayout>
</LinearLayout>