<?xml version="1.0" encoding="utf-8"?>
<LinearLayout xmlns:android="http://schemas.android.com/apk/res/android"
    android:layout_width="match_parent"
    android:layout_height="match_parent"
    android:orientation="vertical">

    <ScrollView
        android:layout_width="match_parent"
        android:layout_height="match_parent">


        <LinearLayout
            android:layout_width="match_parent"
            android:layout_height="match_parent"
            android:orientation="vertical">

            <LinearLayout
                android:layout_width="match_parent"
                android:layout_height="wrap_content"
                android:orientation="horizontal">

                <RelativeLayout
                    android:layout_width="0dp"
                    android:layout_height="wrap_content"
                    android:layout_margin="10dp"
                    android:layout_weight="1"
                    android:gravity="center">

                    <TextView
                        android:layout_width="wrap_content"
                        android:layout_height="wrap_content"
                        android:text="AMOUNT: "/>
                </RelativeLayout>

                <RelativeLayout
                    android:layout_width="0dp"
                    android:layout_height="wrap_content"
                    android:layout_margin="10dp"
                    android:layout_weight="2">

                    <EditText
                        android:layout_width="match_parent"
                        android:layout_height="wrap_content"
                        android:id="@+id/amount_edit"/>
                </RelativeLayout>
            </LinearLayout>

            <LinearLayout
                android:layout_width="match_parent"
                android:layout_height="wrap_content"
                android:orientation="horizontal">

                <RelativeLayout
                    android:layout_width="0dp"
                    android:layout_height="wrap_content"
                    android:layout_margin="10dp"
                    android:layout_weight="1"
                    android:gravity="center">

                    <TextView
                        android:layout_width="wrap_content"
                        android:layout_height="wrap_content"
                        android:text="TYPE: "/>
                </RelativeLayout>

                <RelativeLayout
                    android:layout_width="0dp"
                    android:layout_height="wrap_content"
                    android:layout_margin="10dp"
                    android:layout_weight="2">

                    <Spinner
                        android:id="@+id/type_spinner"
                        android:layout_width="match_parent"
                        android:layout_height="wrap_content"
                        android:entries="@array/payment_categories"
                        />

                </RelativeLayout>
            </LinearLayout>

            <LinearLayout
                android:layout_width="match_parent"
                android:layout_height="wrap_content"
                android:orientation="horizontal">

                <RelativeLayout
                    android:layout_width="0dp"
                    android:layout_height="wrap_content"
                    android:layout_margin="10dp"
                    android:layout_weight="1"
                    android:gravity="center">

                    <TextView
                        android:layout_width="wrap_content"
                        android:layout_height="wrap_content"
                        android:text="NOTE: "/>
                </RelativeLayout>

                <RelativeLayout
                    android:layout_width="0dp"
                    android:layout_height="wrap_content"
                    android:layout_margin="10dp"
                    android:layout_weight="2">

                    <EditText
                        android:layout_width="match_parent"
                        android:layout_height="wrap_content"
                        android:id="@+id/note_edit"/>
                </RelativeLayout>
            </LinearLayout>

            <LinearLayout
                android:layout_width="match_parent"
                android:layout_height="wrap_content"
                android:orientation="horizontal">

                <RelativeLayout
                    android:layout_width="0dp"
                    android:layout_height="wrap_content"
                    android:layout_margin="10dp"
                    android:layout_weight="1"
                    android:gravity="center">

                    <androidx.appcompat.widget.AppCompatButton
                        android:layout_width="match_parent"
                        android:layout_height="wrap_content"
                        android:text="DELETE"
                        android:textAppearance="?android:textAppearanceMedium"
                        android:textColor="@color/white"
                        android:background="@color/nav_header"
                        android:id="@+id/btnDelete"/>

                </RelativeLayout>

                <RelativeLayout
                    android:layout_width="0dp"
                    android:layout_height="wrap_content"
                    android:layout_margin="10dp"
                    android:layout_weight="1"
                    android:gravity="center">

                    <androidx.appcompat.widget.AppCompatButton
                        android:layout_width="match_parent"
                        android:layout_height="wrap_content"
                        android:text="UPDATE"
                        android:textAppearance="?android:textAppearanceMedium"
                        android:textColor="@color/white"
                        android:background="@color/nav_header"
                        android:id="@+id/btnUpdate"/>

                </RelativeLayout>


            </LinearLayout>
        </LinearLayout>
    </ScrollView>
</LinearLayout>